Job Name,Company,Location
Data Analyst,Staffbase,"Berlin, Germany"
Data Scientist,Apiax,"Frankfurt, Hesse, Germany"
Junior Data Analyst:in (m/w/d),Smart Pricer,"Berlin, Berlin, Germany"
Intern for Data Science Team (f/m/d),Sunday,"Hamburg, Hamburg, Germany"
Senior Data Scientist / Analyst (m/f/d),Peter Park,"Munich, Bavaria, Germany"
Business Solution Consultants Graduates (f/d/m),SAP Fioneer,Germany
Data Scientist Intern,MeloTech,"Berlin, Berlin, Germany"
Senior Business Analyst (Back Office),payabl.,"Frankfurt, Hesse, Germany"
Business-Analyst:in,Folkz Group,"Hamburg, Germany"
Data Analyst / Business Intelligence Internship (m/w/d),DHL Supply Chain,"Cologne, North Rhine-Westphalia, Germany"
Head of Data & Insights (m /f/ d),Oetker Digital,"Berlin, Berlin, Germany"
Data Analyst Working Student (m/f/d) for Berlin based Start-up,FINE Legal,"Berlin, Berlin, Germany"
Business Intelligence Analyst - People Analytics (m/f/x),HelloFresh,"Berlin, Berlin, Germany"
Business Analyst (f/m/d) Strategic Portfolio Management,Nanogami,"Munich, Bavaria, Germany"
Junior Web Analyst (m/d/f),roadsurfer,Germany
Big Data & Business Analyst (f/m/div.),Bosch,"Karlsruhe, Baden-Württemberg, Germany"
Praktikum - Industrial Data Science,AUDI AG,"Ingolstadt, Bavaria, Germany"
(Junior) Business Analyst (m/w/d),hachmeister+partner,"Bielefeld, North Rhine-Westphalia, Germany"
Research Assistants AI / ML Operations,Hochschule Heilbronn - diese Seite bitte nicht mehr verwenden,"Heilbronn, Baden-Württemberg, Germany"
Research Assistant Business Engineering,Hochschule Heilbronn - diese Seite bitte nicht mehr verwenden,"Heilbronn, Baden-Württemberg, Germany"
Working Student Data Analyst (f/x/m),Puls,"Berlin, Berlin, Germany"
Junior Research Consultant (mensch),Omnicom Media Group,"Düsseldorf, North Rhine-Westphalia, Germany"
"VP of Data & Analytics in Hamburg, Deutschland",Energy Jobline,"Hamburg, Hamburg, Germany"
Kanzler,Gisma University of Applied Sciences,"Potsdam, Brandenburg, Germany"
M&A Analyst (m/w/d),Parklane Capital,"Hamburg, Hamburg, Germany"
Junior Software Developer at energy efficiency startup in Berlin (m/f/d),perto,"Berlin, Berlin, Germany"
Data Analyst - AI/Machine Learning Company - Up to €75k,Optimus Search,"Mainz, Rhineland-Palatinate, Germany"
Senior Data Analyst,Ultimate,"Berlin, Berlin, Germany"
Data Analyst (M/W/D),CBTW,"Mannheim, Baden-Württemberg, Germany"
Data Analyst (m/w/d) für Anlagenprojekte,BAADER,"Lübeck, Schleswig-Holstein, Germany"
Data Operations Specialist,Latana,"Berlin, Germany"
Data Analyst (m/w/d),RTL2 Fernsehen GmbH & Co. KG,"Kirchheim bei München, Bavaria, Germany"
Senior Business-Analyst:in,SThree,"Wiesbaden, Hesse, Germany"
Data Scientist (m/w/d),GNS Systems GmbH,"Brunswick, Lower Saxony, Germany"
Post-Doc Position,University of Konstanz,"Constance, Baden-Württemberg, Germany"
Business Analytics Manager (m/f/d),subrosa Health & Capital GmbH,Greater Munich Metropolitan Area
Data Analyst in Vollzeit (m/w/d),Thermengruppe Josef Wund,"Sinsheim, Baden-Württemberg, Germany"
Product Manager (Checkout Experience),payabl.,"Frankfurt, Hesse, Germany"
Data Scientist (m/w/d),Volksbank im Münsterland eG,"Münster, North Rhine-Westphalia, Germany"
Data Science Analyst:in (w/m/d),Smart Pricer,"Berlin, Berlin, Germany"
Werkstudent (m/w/d) KI & Machine Learning,rhenag Rheinische Energie AG,"Cologne, North Rhine-Westphalia, Germany"
Head of Data and Analytics (m/f/d),Project A Ventures,"Berlin, Berlin, Germany"
Data Scientist (m/w/d) Life Science,xValue GmbH,"Ratingen, North Rhine-Westphalia, Germany"
Principal Data Scientist - Machine Learning (f/m/d),Almedia,"Berlin, Berlin, Germany"
Junior Data Consultant (m/w/d),taod Consulting GmbH,"Cologne, North Rhine-Westphalia, Germany"
Head of Advanced Analytics & IoT - Energy & Utilities Sector,Quotacom,"Düsseldorf, North Rhine-Westphalia, Germany"
Data Scientist (gn),encentive GmbH,"Hamburg, Hamburg, Germany"
AI & Data Scientist (m/f/d),Ubermetrics Technologies GmbH,"Berlin, Berlin, Germany"
Business-Analyst:in,Winfried Bungert Executive Search,"Cologne, North Rhine-Westphalia, Germany"
"Bachelor of Science (m/w/d) Data Science and Artificial Intelligence, Start 2024",TecAlliance,"Weikersheim, Baden-Württemberg, Germany"
Data Scientist,Understanding Recruitment,Germany
Data Analyst in Vollzeit (m/w/d),Thermengruppe Josef Wund,"Euskirchen, North Rhine-Westphalia, Germany"
Senior Data Analyst,Parallel Consulting,"Berlin, Germany"
Team & Office Assistant (m/w/d),Institute for Law and Finance (Goethe University Frankfurt),Frankfurt Rhine-Main Metropolitan Area
Graduate - Risk Reporting - based in Luxembourg,European Investment Bank (EIB),"Berlin, Berlin, Germany"
Business Consultant,RailCube,"Cologne, North Rhine-Westphalia, Germany"
Trainee Data Consultant,siːkwəl – analytics engineering | sikwel GmbH,"Oldenburg, Lower Saxony, Germany"
Senior Research Consultant - Modeling and Meta-Analysis,OPEN Health,Germany
Senior Data Scientist (m/f/d),Ströer SE & Co. KGaA,"Berlin, Germany"
AI Engineer @ Briink,Briink,"Berlin, Berlin, Germany"
Working Student Operations / Data Analysis - Team Case Qualification (m/w/d) for FINE Legal - Startup in Berlin,FINE Legal,"Berlin, Berlin, Germany"
Market Intelligence Analyst,Hyundai Motor Europe,"Offenbach, Hesse, Germany"
Junior Analyst (m/w/d),afus GmbH,"Neu-Isenburg, Hesse, Germany"
Machine Learning Engineer,Ecosia,"Berlin, Berlin, Germany"
Strategy Manager,EVBoosters - we are hiring!!,"Lower Saxony, Germany"
"Business Analyst (all genders) Berlin, Germany",simplesurance GmbH,"Berlin, Germany"
"Data scientist, mathematician or similar (f/m/x)",German Aerospace Center (DLR),"Ulm, Baden-Württemberg, Germany"
Junior Financial Analyst (m/w/d),Hermes Germany GmbH,"Hamburg, Hamburg, Germany"
Business Analyst (M/W/D),CBTW,"Berlin, Berlin, Germany"
Senior Strategy Consultant,Brightsmith,Germany
Associate Director Of Data & Analytics (Freelance/Contract),Salt,"Hamburg, Germany"
Business Analyst für PowerBI / BI-Systeme (w|m|d),ADAC,"München, Bavaria, Germany"
Data Analyst / BI Specialist (m/w/d),J.T. Ronnefeldt KG,"Frankfurt, Hesse, Germany"
Senior Analytics Engineer / BI (all genders),Banxware,"Berlin, Berlin, Germany"
Young Professional | Data Analysis (m/w/d),ASAP Gruppe,"Ingolstadt, Bavaria, Germany"
Commercial Analyst,VARO Energy,"Hamburg, Hamburg, Germany"
"Sr. Data Analyst, Customer Insights, EU",Athletic Greens,Germany
Business Data Analyst (all people) im Home Office,ExB Group,Germany
Data Analyst (m/w/d),Glasfaser NordWest GmbH & Co. KG,"Oldenburg, Lower Saxony, Germany"
Research Associate (m/f/x),Technische Universität Dresden,"Dresden, Saxony, Germany"
Business Analyst Kundendatenmanagement (m/w/d),Allianz,"Unterföhring, Bavaria, Germany"
Junior Data Engineer (m/w/d),taod Consulting GmbH,"Cologne, North Rhine-Westphalia, Germany"
Data Scientist (Full Stack) m/w/d,Mediengruppe Neue Westfälische,"Bielefeld, North Rhine-Westphalia, Germany"
Data Analyst in Vollzeit (m/w/d),Thermengruppe Josef Wund,"Titisee-Neustadt, Baden-Württemberg, Germany"
AI Developer,ZAUBAR,Germany
BI Developer,DHL Global Forwarding,"Bonn, North Rhine-Westphalia, Germany"
Senior Business Analyst (Back Office),payabl.,Frankfurt Rhine-Main Metropolitan Area
Data Scientist (m/w/d),be.storaged GmbH,"Hude, Lower Saxony, Germany"
Data Scientist and Process Mining Architect,Processand,"Munich, Bavaria, Germany"
(Junior) Data Analyst (m/w/d) Hotel,CHECK24 Vergleichsportal GmbH,"Münster, North Rhine-Westphalia, Germany"
Data Analyst (f/m/d),E-FARM,"Hamburg, Hamburg, Germany"
"Research Assistant (f/d/m, 75%, 3y) as Service Designer at Place Beyond Bytes @ University of Duisburg-Essen",join.com,"Essen, North Rhine-Westphalia, Germany"
"Head of Analytics in Grünenplan, Deutschland",Energy Jobline,"Delligsen, Lower Saxony, Germany"
Research Associate in Data Science (Natural Language Processing) § 28 Subsection 1 HmbHG,University of Hamburg,"Hamburg, Hamburg, Germany"
Junior Business Analyst (m/w/d),DOS Software-Systeme GmbH,Hannover-Braunschweig-Göttingen-Wolfsburg Region
"Excel - Spezialist (remote) in Frickenhausen, Deutschland",Energy Jobline,"Frickenhausen, Baden-Württemberg, Germany"
UI/UX Designer,Happy Mammoth,"Berlin, Berlin, Germany"
Data Engineer (gn) in Füssen,Klinikgruppe Enzensberg,"Bavaria, Germany"
Internship Junior Consultant (m/f/d),nugrow,"Bochum, North Rhine-Westphalia, Germany"
"Bachelor of Science (m/w/d) Data Science und Künstliche Intelligenz, Start 2024",TecAlliance,"Weikersheim, Baden-Württemberg, Germany"
"Bachelor of Science (m/w/d) Data Science und Künstliche Intelligenz, Start 2024",TecAlliance,"Weikersheim, Baden-Württemberg, Germany"
Analyst (f/m/d) Power BI,Siemens,"Nuremberg, Bavaria, Germany"
Senior Master Data Management Manager,DHL,"Bonn, North Rhine-Westphalia, Germany"
"Researcher/Associate Consultant, Business Intelligence",Control Risks,"Berlin, Berlin, Germany"
Senior BI Analyst (f/m/d),Enter,"Berlin, Berlin, Germany"
"Sr. Data Analyst, Customer Insights, EU",Athletic Greens,"Munich, Bavaria, Germany"
Operations Analyst (Full-time / Intern),Vanilla Steel,"Berlin, Berlin, Germany"
Junior Data Manager Investmentfonds (m|w|d),DZ PRIVATBANK S.A.,"Strassen, North Rhine-Westphalia, Germany"
Data Scientist (m/w/d) Vollzeit/Teilzeit,singularIT GmbH,"Leipzig, Saxony, Germany"
Python Developer,Venturi,Germany
Scientist (f/m/d) Microscopy Platform Developer,Nanogami,"Munich, Bavaria, Germany"
Applied Research Scientist,InstaDeep,"Berlin, Berlin, Germany"
Business Analyst (m/w/d),DG Nexolution,"Wiesbaden, Hesse, Germany"
Analytics Engineer (m/w/d),Cleos Welt,"Hamburg, Hamburg, Germany"
ML Engineer (M/W/D),CBTW,"Berlin, Berlin, Germany"
Analyst (mwd),Taurus Advisory,"Bad Soden am Taunus, Hesse, Germany"
Junior Consultant (f/m/d),Interbrand,"Cologne, North Rhine-Westphalia, Germany"
(Junior) Risk Management Specialist (m/f/d),Nintendo of Europe,"Frankfurt am Main, Hesse, Germany"
Junior Research Consultant (mensch),Annalect Germany (Omnicom Media Group),"Hamburg, Germany"
Junior Research Consultant (mensch),Annalect Germany (Omnicom Media Group),"Düsseldorf, North Rhine-Westphalia, Germany"
Business Intelligence / Data Analyst für BI-Systeme & PowerBI (w|m|d),ADAC,"München, Bavaria, Germany"
Strategic Sourcing Manager,Genpact,Germany
Data Science (m/w/d) - Praktikum Lübeck,singularIT GmbH,"Lübeck, Schleswig-Holstein, Germany"
Business Analyst (m/w/d) - deutschlandweit,Target Reply DE,"Hamburg, Hamburg, Germany"
Data Analysis Expert Battery Test Field (all genders),PowerCo SE,"Salzgitter, Lower Saxony, Germany"
Bachelor (m/w/d) of Science - Wirtschaftsinformatik - Data Science,Theo Förch GmbH & Co. KG,"Neuenstadt am Kocher, Baden-Württemberg, Germany"
Business Analyst (m/w/d) in Aachen,Mendelson & Co.,Germany
"Econometrician, Statistician, Engineer or similar (f/m/x)",German Aerospace Center (DLR),"Berlin, Berlin, Germany"
Market and Business Analyst (m/f/d),HARMAN International,"Garching, Bavaria, Germany"
Risk Analyst,Source Technology,"Berlin, Germany"
Senior Data Scientist,DeepRec.ai,"Darmstadt, Hesse, Germany"
Analytics Engineer (m/w/d),NOZ Digital,"Flensburg, Schleswig-Holstein, Germany"
RESEARCH AND DEVELOPMENT ENGINEER (Internship),ROBOVIS,"Berlin, Berlin, Germany"
Business Analyst (m/w/d),CPU Softwarehouse AG,"Munich, Bavaria, Germany"
Data Engineer / Business Intelligence (m/w/d),Altruan GmbH,"Massing, Bavaria, Germany"
Wissenschaftsmanager*in (w/m/d) (75 % - 100 %),The University of Bonn,"Bonn, North Rhine-Westphalia, Germany"
Data Analyst (Business Intelligence) (m/w/d) - Vollzeit/Teilzeit,singularIT GmbH,"Leipzig, Saxony, Germany"
Teamlead - Business Analyse (m/w/d),Statista,"Hamburg, Hamburg, Germany"
"Bachelor of Science (m/f/d) Applied Computer Science, Start 2024",TecAlliance,"Weikersheim, Baden-Württemberg, Germany"
Analytics Engineer Lead (m/f/d),dentolo,"Berlin, Berlin, Germany"
Consultant - Digital Analytics (m/w/d) for Berlin,Digitl,"Berlin, Berlin, Germany"
Data Engineer,MODE Recruitment,"Frankfurt am Main, Hesse, Germany"
"Working Student Startups, Venture Capital and M&A (m/f/d)",nugrow,"Bochum, North Rhine-Westphalia, Germany"
Process Engineer,Hamlyn Williams,"Bavaria, Germany"
Internship Artificial Intelligence & Computer Vision (6 months) (m/f/d),Korro AI,"Darmstadt, Hesse, Germany"
Internship | Junior Consultant (m/f/d),Trustventure,"Cologne, North Rhine-Westphalia, Germany"
Office Administrator,Stack Digital,"Bonn, North Rhine-Westphalia, Germany"
Business Analyst (all genders),valantic,"Langenfeld, North Rhine-Westphalia, Germany"
Working Student / Mini-job (Sales or Software Development) (m/f/d) - Fully Remote,CONROO,"Hamburg, Hamburg, Germany"
(Junior) E-Commerce Manager UK (m/w/d),Carhartt WIP (Work In Progress),"Berlin, Berlin, Germany"
Junior Digital Analyst (m/w/d),Peak Ace AG,"Berlin, Berlin, Germany"
Data Engineer / Scientist (m/w/d),taod Consulting GmbH,"Stuttgart, Baden-Württemberg, Germany"
Student Assistant/Intern (m/f/d) for data analysis of 5G mobile network data in Dresden,Fraunhofer IIS,"Dresden, Saxony, Germany"
Head of Data,SO Digital Recruitment,"Munich, Bavaria, Germany"
Social Media-Manager,deutz werbung,"Bocholt, North Rhine-Westphalia, Germany"
Management Trainee (m/w/d),jobvalley,"Dresden, Saxony, Germany"
Data Science Consultant (m/w/d),Convalid Analytics GmbH,"Munich, Bavaria, Germany"
Group Strategy Manager - Cleantech,KellerGreen,"Bavaria, Germany"
Data Scientist (m/w/d),Arete AG,Germany
(Junior) Business Analyst Marktfolge C24 Bank,CHECK24 Vergleichsportal GmbH,"Frankfurt, Hesse, Germany"
AI Engineer (m/w/d),Web Computing GmbH,"Münster, North Rhine-Westphalia, Germany"
Business Analyst (gn),powercloud GmbH,"Leipzig, Saxony, Germany"
Global Business Intelligence Manager OE (m/f/d) - limited until 30.09.2024 - REF48043F,Continental,"Hannover, Lower Saxony, Germany"
Junior Data Manager Investmentfonds (m|w|d),DZ PRIVATBANK S.A.,"Strassen, North Rhine-Westphalia, Germany"
Business-Performance-Analyst (gn),Manpower Professional Deutschland,"Bad Säckingen, Baden-Württemberg, Germany"
"CRM / Marketing Analytics Data Scientist, Consumer",Wolt,"Berlin, Berlin, Germany"
Business Controller (m/w/d),Rolls-Royce Power Systems AG,"Ruhstorf, Bavaria, Germany"
Business Architect (m/w/d)*,XL2 by Audi & Capgemini,Germany
Market Risk Analyst (f/m/d),Uniper,"Düsseldorf, North Rhine-Westphalia, Germany"
Application Scientist - CMC & Manufacturing,Invenex Search,Germany
(Junior) Data Engineer (m/w/d) - 50% remote,CRIF Deutschland,"Karlsruhe, Baden-Württemberg, Germany"
Trainee Program Economics (m/w/d),PIVOT Regulatory,"Munich, Bavaria, Germany"
(Junior) Business Development & Investor Relations Manager (m/w/d),Catella,"Berlin, Germany"
Data Engineer (m/f/d),DEHN digital solutions GmbH,Germany
(Senior) Data Scientist (M/W/D),CBTW,"Frankfurt, Hesse, Germany"
Business Analyst (M/W/D),CBTW,"Frankfurt, Hesse, Germany"
(Junior) Portfolio Analyst (m/w/d),OPUS ONE Recruitment GmbH,"Munich, Bavaria, Germany"
Wissenschaftliche/r Mitarbeiter/in (w/m/d),RWTH Aachen University,"Aachen, North Rhine-Westphalia, Germany"
Banking Operations Team Lead,Holvi,"Berlin, Berlin, Germany"
Project Assistant,Faststream Recruitment Group,"Hamburg, Hamburg, Germany"
Werkstudent (m/w/d) Data Science (Statistik),The NPD Group,Germany
"(Senior) Analyst, Product Operations (all genders)",Delivery Hero,"Berlin, Berlin, Germany"
Research Specialist (m/w/d),hep global GmbH,"Güglingen, Baden-Württemberg, Germany"
Data Analyst (m/w/d) Pricing,DocMorris,"Berlin, Berlin, Germany"
Intern Strategy & Corporate Development (f/m/x),Mercedes pay GmbH,"Stuttgart, Baden-Württemberg, Germany"
"Research Consultant (-in) (m,w,d)",Rogator AG,"Nuremberg, Bavaria, Germany"
Trainee Machine Learning in der Unternehmensberatung,niologic GmbH,"Hürth, North Rhine-Westphalia, Germany"
Business Analyst* (m/w/d) Regulatorik & Prozesse,InterJob® GmbH,Germany
Senior Python Developer (m/f/d),onu.energy,"Berlin, Berlin, Germany"
Head of Data Analytics (m/w/d),logistik-consultants.de,"Hamburg, Hamburg, Germany"
"Werkstudent:in AI, Machine Learning, Python, JS-Fullstack (Homeoffice, Flexibel)",Inbox Marketing,"Cologne, North Rhine-Westphalia, Germany"
Consultant - Digital Analytics (m/w/d) for Munich,Digitl,"Munich, Bavaria, Germany"
Junior Business Consultant m/w/d,m3connect,"Eutin, Schleswig-Holstein, Germany"
Senior Data Analyst/BI Expert (all genders),Primal State Performance GmbH,Germany
Wissenschaftliche/r Mitarbeiter/in (w/m/d),RWTH Aachen University,"Aachen, North Rhine-Westphalia, Germany"
Data Engineer (m/w/d),Tenhil GmbH & Co. KG,"Munich, Bavaria, Germany"
Data Analyst (all gender),Havas Media Germany,"Frankfurt am Main, Hesse, Germany"
Data Analyst (m/w/d) at KDW Care GmbH,join.com,"Stralsund, Mecklenburg-West Pomerania, Germany"
Working student - Data Labeling (m/d/f),Caresyntax,"Berlin, Berlin, Germany"
Trainee Business Development (m/w/d),Lionment,"Hamburg, Hamburg, Germany"
Senior Data Scientist,Preventio,"Frankfurt, Hesse, Germany"
Process Engineer for Data Analysis of Electrolyzer Systems (w/m/d),Sunfire,"Dresden, Saxony, Germany"
BI Operations Analyst (m/w/d),univativ GmbH,"Offenbach, Hesse, Germany"
Biostatistician,Pirche,"Berlin, Berlin, Germany"
Head of Data Analytics (m/w/d),logistik-consultants.de,Germany
Research Analyst (m/w/d),KnowledgeAgent GmbH,"Bad Dürkheim, Rhineland-Palatinate, Germany"
Product Support Engineer,Cognigy,"Düsseldorf, North Rhine-Westphalia, Germany"
Data Generalist (m/f/d),onu.energy,"Göhl, Schleswig-Holstein, Germany"
Research Assistant (Praedoc) (m/f/d) full-time job limited to 31.08.2025 Entgeltgruppe 13 TV-L FU reference code: AGSI_2024.1_WiMi-SiTel,Freie Universität Berlin,"Berlin, Berlin, Germany"
Data Analyst (VA 831465),World Food Programme,"Berlin, Berlin, Germany"
BI Spezialist (m/w/d),Akkodis,"Munich, Bavaria, Germany"
AI Strategy Consultant,Bloom Partners,"Nuremberg, Bavaria, Germany"
Data Scientist / Munich,Ampstek,"Munich, Bavaria, Germany"
(Senior) Business Intelligence Analyst (m/w/d) Unternehmensberatung,univativ GmbH,"Munich, Bavaria, Germany"
Business Intelligence Specialist (m/w/d),Global Market Solutions - Germany,"Hannover, Lower Saxony, Germany"
Data Engineer,Zendr,"Frankfurt, Hesse, Germany"
Industrial Engineer Automation (m/f/x),Skeleton Technologies,Germany
Laboratory Technician (f/m/d) Biochemistry,Nanogami,"Markranstädt, Saxony, Germany"
(Junior) Business Analyst mit den Schwerpunkten Prozessoptimierung und Reporting (m/w/d),auguma.digital,"Munich, Bavaria, Germany"
Market Analyst Renewables (f/m/d),Uniper,"Cologne, North Rhine-Westphalia, Germany"
Business Analyst - Home Office / Firmenkundenfinanzierung (m/w/d),Workwise,"Düsseldorf, North Rhine-Westphalia, Germany"
Business Analyst - Home Office / Firmenkundenfinanzierung (m/w/d),Workwise,"Aachen, North Rhine-Westphalia, Germany"
Business Analyst - Home Office / Firmenkundenfinanzierung (m/w/d),Workwise,"Chemnitz, Saxony, Germany"
Business Analyst - Home Office / Firmenkundenfinanzierung (m/w/d),Workwise,"Dortmund, North Rhine-Westphalia, Germany"
Business Analyst - Home Office / Firmenkundenfinanzierung (m/w/d),Workwise,"Bonn, North Rhine-Westphalia, Germany"
Business Analyst - Home Office / Firmenkundenfinanzierung (m/w/d),Workwise,"Hannover, Lower Saxony, Germany"
Business Analyst - Home Office / Firmenkundenfinanzierung (m/w/d),Workwise,"Stuttgart, Baden-Württemberg, Germany"
Business Analyst - Home Office / Firmenkundenfinanzierung (m/w/d),Workwise,"Hamburg, Hamburg, Germany"
ESG Business Analyst,Metzler Asset Management,"Kiel, Schleswig-Holstein, Germany"
Research Engineer (m/w/d),infodas,"Frankfurt, Hesse, Germany"
Operations Analyst,Actalent,"Bonn, North Rhine-Westphalia, Germany"
Senior Program Manager,Apolitical Foundation,"Monheim, North Rhine-Westphalia, Germany"
"Internship/ Working student, Strategy & Business",Frieda Health,"Berlin, Berlin, Germany"
M&A Analyst (m/w/d),CARL,"Berlin, Berlin, Germany"
Commercial Planning Analyst (x/f/m),SellerX,"Berlin, Berlin, Germany"
Data Engineer,Vantage Consulting,"Berlin, Berlin, Germany"
Laboratory Technician (m/f/d),Futurepath,"Munich, Bavaria, Germany"
Werkstudent Data & Analytics (all genders),schleich®,"Stuttgart, Baden-Württemberg, Germany"
Business Analyst - Home Office / Firmenkundenfinanzierung (m/w/d),Workwise,"Schwäbisch Gmünd, Baden-Württemberg, Germany"
Associate,LATZER ASSOCIATES GROUP (LAG),"Bielefeld, North Rhine-Westphalia, Germany"
Wissenschaftliche/r Mitarbeiter/in (w/m/d) - Computational Optics,RWTH Aachen University,"Munich, Bavaria, Germany"
Working Student - HR Services / Process Improvement / HR Data Analysis / Excel (m/f/d),Workwise,"Aachen, North Rhine-Westphalia, Germany"
(Performance) Data Analyst (m/w/d),Michael Page,"Düsseldorf, North Rhine-Westphalia, Germany"
ANALYST INTERN M/F,IMPACT Partners,"Hamburg, Hamburg, Germany"
Energy Economist / Financial Expert,NTU International A/S,"Frankfurt, Hesse, Germany"
Business Development Intern,Cambrium,"North Rhine-Westphalia, Germany"
Product Manager - Alternative Payment Methods,payabl.,"Berlin, Berlin, Germany"
Data Engineer (m/w/d),CBTW,"Frankfurt, Hesse, Germany"
Internship - Project & Design Management,The Walt Disney Company,"Augsburg, Bavaria, Germany"
